,Puzzle #,Puzzle Name,Eterna ID,Secondary Structure,solved_mfe,solved_umfe,Designed Structure,Designed RNA
0,1,Simple Hairpin,20111,(((((......))))),1,1,None,None
1,2,Arabidopsis Thaliana 6 RNA - Difficulty Level 0,215430,(((((((....(((...........)))((((((((..(((((((((((((((((((...(((((......))))).)))))).)))))))))))))..))))))))..))))))),1,1,None,None
2,3,Prion Pseudoknot - Difficulty Level 0,15819,((((((.((((....))))))).)))..........,1,1,None,None
3,4,Human Integrated Adenovirus - Difficulty Level 0,15886,((((((((((((((.((((((...........((((((((((((.....((((((((....(((((((((((((........))))))))))....))))))))....))))))....)))))...((((((.......))))))))))............)))))).))))....))))))...))))...,1,1,None,None
4,5,The Gammaretrovirus Signal - Difficulty Level 0,15847,..(.(..((((((....))))))..).)......((((..(((.(((((((((....)))))....)))))))))))..((((((((....))))))))..,1,1,None,None
5,6,Saccharomyces Cerevisiae - Difficulty Level 0,17811,(((((((((((........)))).((...............))....(((((.......))))))))))))....(((((((..((((........))))(((.............)))....(((((.......))))))))))))....(((((((..((((........))))((((((.......))))))....(((((.......))))))))))))....(((((((..((((........))))((((((.......))))))....(((((.......))))))))))))....(((((((..((((........))))((((((.......))))))....(((((.......))))))))))))....,1,1,None,None
6,7,Fractal 2,13687,.....((((((((...((((((((((..((((..........))))..((((..........))))..((((..........))))..))))))))))...((((((((((..((((..........))))..((((..........))))..((((..........))))..))))))))))...((((((((((..((((..........))))..((((..........))))..((((..........))))..))))))))))...)))))))).....,1,1,None,None
7,8,G-C Placement,1074756,((((...)))).,1,1,None,None
8,9,The Sun,13840,(((.(((((((...))))..))))))...(((.(((((((...))))..))))))...(((.(((((((...))))..))))))...(((.(((((((...))))..))))))...(((.(((((((...))))..))))))...(((.(((((((...))))..))))))...(((.(((((((...))))..))))))...(((.(((((((...))))..))))))...(((.(((((((...))))..)))))),1,1,None,None
9,10,Frog Foot,426871,..........((((....))))((((....))))((((...)))),1,1,None,None
10,11,InfoRNA test 16,816170,((((((.((((((((....))))).)).).)))))),1,1,None,None
11,12,Mat - Martian 2,399912,((((....))))...(((((((..(((((((.......))))))))))))))...((((((((......(((((((.(((((((.......))))))))))))))...((((((((((((((.......))))))).)))))))......))))))))...((((((((((((((.......)))))))..)))))))...((((....)))),1,1,None,None
12,13,square,756881,((((((((((((((((((((((((((...))))))....)))))))....))))))....))))))),1,1,None,None
13,14,Six legd turtle 2,446042,.....((...((....))...((....))...((....))...((....))...((....))...((....))...))....................,1,1,None,None
14,15,Small and Easy 6,727172,(((((.....))..((.........))))),1,1,None,None
15,16,Fractile,443196,............((....))...((...((....))..((...((....))...))..((....))...))..((....))........................,1,1,None,None
16,17,Six legd Turtle,445593,.....((....((....))....((....))....((....))....((....))....((....))....((....))....))....................,1,1,None,None
17,18,snoRNA SNORD64,1427482,((((((.....(((....(((...(((((.............)))))....)))..)))..)))))),1,1,None,None
18,19,Chalk Outline,461984,.....((((.(((((....)).))).(((.(((....)))))).((((((....)).)))).(((((....))).)))))).......................,1,1,None,None
19,20,InfoRNA bulge test 9,775904,(((((((.(.(.(.(((((((....))))))))))))))))),1,1,None,None
20,21,Tilted Russian Cross,601331,.....((((((((....))))((((.((((....))))(((((....))))).((((....))))))))((((....))))))))....................,1,1,None,None
21,22,This is ACTUALLY Small And Easy 6,3084759,................................................................................................................................................................................................................................................................................................................................................................................................................,1,1,None,None
22,23,Shortie 4,997382,((....)).((....)),1,1,None,None
23,24,Shape Test,472029,.....(.((((..(((((........)))))..(((.(((.(((((.....))))).((((....)))).))))))..)))).)....................,1,1,None,None
24,25,The Minitsry,427350,(((.....(((.....(((.....(((.....(((........))).))).))).))).))),1,1,None,None
25,26,stickshift,852950,..((((((((.....)).))))))..,1,1,None,None
26,27,U,426038,.....(((((.(.(.((.(.(((((((((....))))))))))))))))))).....,1,1,None,None
27,28,Still Life (Sunflower In A Vase),404191,...((((..(((((.....)))))..(((((...)))))..(((((.....)))))..(((((...)))))..(((((.....)))))..(((((.....))))).((((((((((((((((((((((((((((......))))).(((((.............((((.........................................)))).............)))))(((((....))))).)))))))))))))))))))))))..(((((.....)))))..(((((.....)))))..(((((.....)))))..(((((.....)))))..(((((....)))))..(((((.....))))).))))...,1,1,None,None
28,29,Quasispecies 2-2 Loop Challenge,552663,.....((((((((..((((....))))..)))).((((..(...)..)))).((((..(..(((.....)))..)..))))))))....................,1,1,None,None
29,30,Corner bulge training,1452086,.(((((((((((...)))))....)))))).,1,1,None,None
30,31,Spiral,535777,.....((((.((((((.(((.(((((.((((.((((.((.((.((.((.((.((.....)))))))))))))))))))))))))))))))))))))).....,1,1,None,None
31,32,InfoRNA bulge test,736567,.............................((((......((((....((((...((((..((((.((((.....)).)).)).))..)).))...)).)).....)).))......)).)).,1,1,None,None
32,33,Worm 1,1569272,.......(.(.(.(.(.((.((.(....).)).)).).).).).),1,1,None,None
33,34,just down to 1 bulge,742530,.....((((.(((((....))))).(((....))).)).))....((((.(((....))).(((....))).))))....................,1,1,None,None
34,35,Iron Cross,530172,.(((.(((...(((.(((...))).(((....))).)))...(((.(((....))).(((...))).)))...(((.(((....))).(((...))).)))...))).(((...))).)))..,1,1,None,None
35,36,loops and stems,1487670,.....(((((((...((((...((((...((((.........(((((............)))))...))))....((((..........))))...))))...(((........)))...))))..((......))...))))))).....,1,1,None,None
36,37,Water Strider,460087,.....((.((..(((((.(((....)))(((....)))))).....((((((....)))(((....))).)))))..)).)).....................,1,1,None,None
37,38,The Turtle(s) Move(s),401904,...((....))....(((((((((.........)))))))))....((((.....)))).....(((....)))...(((((.......)))))....(((...((....)).....(((....)))....((((((.......))))))....(((....))).....((((((....(((.......)))..(((........)))...(((((......)))))...((((.....))))..)))))).........((....)).....((....))......(((((..........)))))......))),1,1,None,None
38,39,Adenine,2463193,(((((.((((((.((((((.((((((.((((((.((((((....((((((......)))))).)))))).(((((...(((((((...)))))))))))).)))))).((((((((((((...)))))))...))))).))))))....))))))....))))))....))))),1,1,None,None
39,40,Tripod5,903842,..((((((((.....))))((((.....))))))))..,1,1,None,None
40,41,Shortie 6,997391,((....)).((....)).((....)).((....)),1,1,None,None
41,42,Runner,888104,.....((((.((((.....((((...)))).))))...(((..((((((...)))...)))((((((...)))...))).)))...(((...(((....))).))).)))).....,1,1,None,None
42,43,Recoil,969361,.....(((((..((..((..(((..(((..((..((...)).)).))).))).)).)).))))).....................,1,1,None,None
43,44,[CloudBeta] An Arm and a Leg 1.0,2320259,.....(((.(((((....)).)))(((.((....))))).)))....................,1,1,None,None
44,45,[CloudBeta] 5 Adjacent Stack Multi-Branch Loop,2322879,(((((((((....))))(((((....)))))(((((....)))))((((....))))))))).,1,1,None,None
45,46,Triple Y,481598,.....((((((((((((....))))((((....))))))))((((((((....))))((((....))))))))))))....................,1,1,None,None
46,47,Misfolded Aptamer,683941,((((......(((((...))).((....)).........)).....)))),1,1,None,None
47,48,Flower power,1884959,.....((((((((...)))).((((((((...))))..((((...))))..((((...)))))))).((((...))))))))....................,1,1,None,None
48,49,Kudzu,458872,.....(((.(..(.(((((.((((.((...)))).))))((((((...)).))))..(((...)))...))).)..).)))....................,1,1,None,None
49,50,"1 2 3and4bulges",737448,.....((((.(((((....))....))).(((....))).)).))....((((.(((....)...)).(((....))).))..))....................,0,0,.....((((.(((((....))....))).(((....))).)).))....((((.((.........)).(((....))).))..))....................,CUAAGGACCACCCGGGAAACCAUAAGGGGCGAGAAAUCGAGGAUCAACAGCGCAGGGAAAACGAACCAUCCGAAAGGAAGCAAGCAAAAAAAGAAAAAAAAAAAA
50,51,medallion,1398974,((((((.((((((....)))))).(((....))).(((....))).((((((....)))))).(((....))).((((((....)))))).(((....))).(((....))).((((((....)))))).(((....))).((((((....)))))).(((....))).(((....))).((((((....)))))).(((....))).((((((....)))))).(((....))).(((....))).((((((....)))))).(((....))).((((((....)))))).(((....))).(((....))).((((((....)))))).)))))),1,1,None,None
51,52,[RNA] Repetitious Sequences 8/10,3144144,.((......((......))......((......((......))......((......))......))......)).....,0,0,.((......((......))..............((......))......((......))..............)).....,AGCAACAAAGCGAAAAAGCAAAAAACCAACUAACGGAAAUACGGAAAAAGCGAAAAAGCAAAAACGGGAAGAAGCACAAA
52,53,Documenting repetitious behavior,3194980,.......((.........((.........((.........((.........((.........((.........((.........((.........((.........((.........((.........((.........((.........((.........((.........((.........((.........((.........)).........)).........)).........)).........)).........)).........)).........)).........)).........)).........)).........)).........)).........)).........)).........)).........)).........))......,1,1,None,None
53,54,7 multiloop,2569877,(((((((((....)))))(((((....)))))(((((....)))))(((((....)))))(((((....)))))(((((....))))))))),1,1,None,None
54,55,Kyurem 7,550435,.....((((((((((....)))(((....((((.(((.....))).((((((......)))...))))))))))))).))))....................,1,1,None,None
55,56,JF1,458607,(((((((((((.(((((..(((((....((((((..(((((...(((((..((((((.((((((((((((((....))))))))))))))..(((....))).(((((((((....)))))))))..(((((....))))).)))))).))))).))))).))))))...((((((((.....))).)))))..((((((((((((((((((((((((....)))))))))))))).))))))))))...(((((......)))))((((((((((....))))))))))...((((....))))..)))))..))))).((((.(((.(((....)))))))))).(((((((((....))))).)))).)))).))).))))...,1,1,None,None
56,57,multilooping fun,2493932,((.(..(.(....).(....).)..).(....).)),0,0,((............((....))............)),CCGUAACACAAAAGAGGAAACUGGGAUCGAAAGAGG
57,58,Multiloop...,4238942,((((.((((.(((....))).(((....))).(((....))).(((....))).(((....))).(((....))).)))).(((((......)))))(((....))))))),1,1,None,None
58,59,hard Y,422821,.....((((((.((((((((....))))))).)))((((((((((....)))))))))))))).....,1,1,None,None
59,60,Mat - Elements & Sections,479654,.....((((.(...(.((((.(.((((.((.((((.((.(((....))).).)))))).)))))....).)))).)...).))))....................,0,0,.....((((.(...(.((((.(.((((.(..((((.((.(((....))).).)))))..)))))....).)))).)...).))))....................,AAAAAGACAGGUAACGAGUGGCGGUGUACCGACGGAGUGCGUGAAAACGGGUCCCGUGUGACGCGAAAGGUACUGGAAUCGUGUCGAAAAAAAAAAGAAAAAAAA
60,61,Chicken feet,457731,.....((.((.((...)).((...))...)))).((.((.((...)).((...))...)))).....,0,0,.....((.((........(((...)))..)))).((.((.((...))(((...)))..)))).....,CACACGCACUACAAAAUGUCCAAAGGAAAAGGCACCACCAGCAAAGCACCAAAGGUAAGGGGAAAAG
61,62,Bug 18,970812,.((.((.((.((..((..((.((...))..)).)).))..))..))....)).,1,1,None,None
62,63,Fractal star x5,3676828,.....((((((((..((((....))))..((((....))))..((((....))))..((((....))))..)))))))).....((((((((..((((....))))..((((....))))..((((....))))..((((....))))..)))))))).....((((((((..((((....))))..((((....))))..((((....))))..((((....))))..)))))))).....((((((((..((((....))))..((((....))))..((((....))))..((((....))))..)))))))).....((((((((..((((....))))..((((....))))..((((....))))..((((....))))..)))))))).....,1,1,None,None
63,64,Crop circle 2,448277,((...((....((.....((.........((..............................))...............)).........)).......))....))....,1,1,None,None
64,65,Branching Loop,459030,.(((((........)((((....))))..)))).......,1,1,None,None
65,66,Bug 38,1005956,.((.((.((..((.(...).)).))..))....)).,1,1,None,None
66,67,Simple Single Bond,457023,......(.........((((.....)))).........)......................,0,0,................((((.....))))................................,AUAAGCGGUAAAAAAAGUGCGAAAAGCAUGAAAAAAAACAGAAAAAAAAAAAAAAAAAAAA
67,68,Taraxacum officinale,1887121,((((....).))).((((....).))).((((....).))).((((....).))).((((....).))).((((....).))).((((((((((((((((((((((...)))).))))))).(((((..((((((((((..(((((((...))))))).))))))))))((((.((((((...)))))))))))))))...))))))))))).((((....).))).((((....).))).((((....).))).((((....).))).((((....).))),0,0,........(.....((((....)).)).((((....).))).((((....).))).((((....).))).((((....).))).((((((((((((((((((((((...)))).))))))).(((((..((((((((((..(((((((...))))))).))))))))))((((.((((((...)))))))))))))))...))))))))))).((((....).))).((((....).))).((((....).))).((((....).))))((((....).))),AUACAAAAGAUAUAGCACGAAAGUUGCAGCCCGAAAGUGGUAUCCCGAAAGUGGAAGUCCGAAAGAGACGAGCCGAAAGAGCUAUGGGCUCCGGGCUCGUCGGUCGAAACGACGCGACGAGAACGGCAAUGAGCCGAGUGGGAAAUCCAAAGGAUUUCAACUCGGCUCAGCACAUCGCGCAAAGCGCGAGUGCGCCGUAAUCUCGGAGCCCAAUGACGAAAGAUCAAGUCCAAAAGAGACAGACCGAAAGAGUCAGGACGAAAGAUCCCGGCCGAAAGAGCC
68,69,Headless Bug on Windshield,461805,.((.((.....(((((...((.(((.........................))).))...))).))...)).)).(((..(((..((.......((....)).......)))))......))).(((((.......(((..((..(((..((.(((...............)))..))..)))..)).)))..))..))).,1,1,None,None
69,70,Pokeball,2418507,...(((((((....((..((..(((..((..((..((..((..((..((...)).))..)).)).))..)).))).)).)))))))))........(((((((....((..((..(((..((..((..((..((..((..((...)).))..)).)).))..)).))).)).)))))))))...,1,1,None,None
70,71,Variation of a crop circle,972844,....((....((....((....((..((..((...))..))....))......)).......)).........)).............,0,0,None,None
71,72,Loop next to a Multiloop,472262,..((((((((.......(.((((((....)))))).(((((((....))))))).).......))))))))..,1,0,..((((((((.........((((((....)))))).(((((((....))))))).........))))))))..,GAUAUUCUCUGAAAGAACGGGAAGGAAAACCUUUCAGCGGAAGGAAAUUUCCGCGGGAAAAAAGGAGGAUAAA
72,73,Snowflake 4,415914,((((...))))(((((((....))(((((..(((((((....))(((((((((...))))..((((...)))))))))((....)))))))..(((((((....))(((((((((...))))..((((...)))))))))((....)))))))..(((((((....))(((((((((...))))..((((...)))))))))((....)))))))..(((((((....))(((((((((...))))..((((...)))))))))((....)))))))..(((((((....))(((((((((...))))..((((...)))))))))((....)))))))..)))))((....)))))))((((...)))),0,0,None,None
73,74,Mat - Cuboid,450940,(..((....((..((....((..((....(..((..((....((..((..((....(..((..((..((....((..((..((..((....((..((..((..((..((....((..((..((..((..((....((..((..((..((..((..((....((..((..((..((..((..((....((..((..((..((..((..((......))..))..))..))..))..))))..))..))..))..))..))))..))..))..))..))..))))..))..))..))..))))..))..))..))..))))..))..))..))))..))..))..)))..))..))))..))..)))..))))..))))..),1,1,None,None
74,75,Misfolded Aptamer 6,708346,......(((......((((..(....(((........)))....).....)))).......)))...........,1,1,None,None
75,76,Snowflake 3,415093,(((((....)).((((((....)))..((((.((((..(((....)))(((.((....))(((...)))((....)).)))(((....)))..)))).((((..(((....)))(((.((....))(((...)))((....)).)))(((....)))..)))).((((..(((....)))(((.((....))(((...)))((....)).)))(((....)))..)))).((((..(((....)))(((.((....))(((...)))((....)).)))(((....)))..)))).((((..(((....)))(((.((....))(((...)))((....)).)))(((....)))..)))).))))..(((....)))))).((....))))),0,0,None,None
76,77,Hard Y and a bit more,443518,.....(((((((.(((((....)))).)))(((((.((..((((....))))..(((((......)))))..)).))))))))))....................,1,1,None,None
77,78,Mat - Lot 2-2 B,451142,(..(((..((((..((....((..((((....))....))..))))..))....))..))((..((..((..((((..((....((..((((..((....((....))))..))....))..))))..))((..((..((....))((..((((..((....((..((((....))....))..))))..))....))..))))..))..))..))((..((....((..((((..((....((....))))..))....))..))))..))))..))..)..),0,0,..((((..((..........((..((((....))....))..))..........))..))))......((..((((..((....((..((((..((....((....))))..))....))..))))..))((..((..((....))((..((((..((....((..((((....))....))..))))..))....))..))))..))..))..))((..((....((..((((..((....((....))))..))....))..))))..))............,CAAGGAGACAAAAACGAAAACGGGCUAGGAAACUAAAAAGAACGCGCAUUAAACUGGAUCCUAGAUGGGGGACUGGGACGAAAAUGAAGCAGGAGGAAAACCGAAAGGCCGACUAAAAGCGACACGGACCGCAGGGAAUGGAAACAGGGAUCAGGAGGAAAUCGGACUUGGAAACAUAAUAGGACGCCGACUAAAAGAGACCCCAGGCAAAGGACCGGGAGUAGAAGGGACAAGGACGAAAAGCGAAAGCCGGACUAAAAUGGACCACGACCAUAGAGAACGGG
78,79,Shapes and Energy,480112,......(.((((.((((....(...((((.(....).))))...)))))..((......((((....)))))).)))).).....................,1,0,None,None
79,80,Spiral of 5's,474410,(....(((((...(((((...(((((....(((((...(((((...(((((..(((((....(((((...(((((...(((((..(((((...(((((...(((((..(((((...(((((..(((((..(((((..(((((..(((((.(((((.((((((((((.....))))).....))))).....))))).....))))).....))))).....))))).....))))).....))))).....))))).....))))).....))))).....))))).....))))).....))))).....))))).....))))).....))))).....))))).....))))).....))))).....))))).....))))).....).....,1,0,.....(((((...(((((...(((((....(((((...(((((...(((((..(((((....(((((...(((((...(((((..(((((...(((((...(((((..(((((...(((((..(((((..(((((..(((((..(((((.(((((.((((((((((.....))))).....))))).....))))).....))))).....))))).....))))).....))))).....))))).....))))).....))))).....))))).....))))).....))))).....))))).....))))).....))))).....))))).....))))).....))))).....))))).....))))).....)))))...........,AGAAGUCUCAAAGGGCUAGAGACCGCAAAGCUUGAAAAGCCCAUAGGUUCUGAUAAAAGAGGGGCCAGAGCAACAAAACGGCGGACCAUCAAGCCACCGAUCCGCUGGCGGGCUAAGAUGGGAAGGUAGGCCCGGGGAGCCGGGGCGGGGUACCCAGAUUCCACCCGAAGAGGGUGCAAACGAAUUGAAAGGGGUGGAAAACCCGCACAAACGGCUAAAAACCGGGAAAAUUACCUGAAAACCAUCGAAAUGCCUGAAAAAAGCGGUAAAAGGUGGAAAAAGAUGGAAAAACGCCGGAAAGUGUUGAGAAAUGGCCAAAAAUUUUAGAAGAAGAACGAAAUUGGGCGAAAGUCGAGAAAAGGCGGUAAAAAUAGCCAAAAGUGAGAGAAAAUAAAAA
80,81,Campfire,547104,....((((..(((((..((((..((((.....))))((((((...))).)))))))((((((.((.((.(((((....)).)))))))(((((.((.((.((....))))))((((.(((....)).)).)))..)).)))))).))))))))(((.(((.(((.((((....))))))))))((((((((...))).)).))).))))))),0,0,....((((..(((((..((((..((((.....))))((((((...))).)))))))((((((.((.((.(((((....)).)))))))(((((.((.((.((....))))))(((..(((....)).)..)))..)).)))))).))))))))(((.(((.(((.((((....))))))))))((((((((...))).)).))).))))))),AAGAUGAGAGGCCCCAAAGCCUUCCGAGAAAAUCGGGCCGGCAAAGCCAGGCGGCUGACAGCAGAUGGACCCCCGAAAGGAGGGCCUCCACCCAGGACCACAGAAAUGGGCCCAACAGACAAAAGUACGAUUGAAGGAGUGGCUAGUCGGGGCGGCACGUACAGAUUCAGAAAUGGACUGACGGGACUAAGAAACUUGAGAUCCAGCCCUCA
81,82,Anemone,3058638,...((((((....))))))(((((....)))))((((((....))))))(((((....)))))((((((....))))))(((((....)))))(((((....)))))((((((....)))))).(((((....)))))((((((....))))))(((((....)))))((((((....))))))(((((....)))))((((((....)))))),1,1,None,None
82,83,Fractal 3,460166,.....((((.(((.((....))((....)).))).(((.((....))((....)).))).(((.((....))((....)).))).(((.((....))((....)).))).)))).....,1,1,None,None
83,84,Kyurem 5,545680,.....((((((((((....)))(((....((((((((...(((.....)))))))(((......))).))))))))))..))))....................,1,1,None,None
84,85,Snowflake Necklace ( or v2.0 ),624517,(((((((((((((((.(((((.((.....)).((.....)).((.....)).((.....)).((.....)).))))).(((.....))).(((((.((.....)).((.....)).((.....)).((.....)).((.....)).))))).(((.....))).(((((.((.....)).((.....)).((.....)).((.....)).((.....)).))))).(((.....))).(((((.((.....)).((.....)).((.....)).((.....)).((.....)).))))).(((.....))).(((((.((.....)).((.....)).((.....)).((.....)).((.....)).))))).))))))))))))))),1,1,None,None
85,86,Methaqualone C16H14N2O Structural Representation,4891834,.......((((.((((.(((.(((....))).(((.(((....))).(((.(((....))).(((.(((....))).(((.......))).))).))).))).))).(...).)))).((((...((.(((...((...))........))).(((.(((....)))(((....)))(((....)))))).))...((((.(...).(((.(((.(((.(((.(((....(((....))).))).(((....))).))).(((....))).))).(((....))).))).((((((....)))(((....))).(((....)))))).))).))))...)))).)))).......,0,0,.......((((.((((.(((.(((....))).(((.(((....))).(((.(((....))).(((.(((....))).(((.......))).))).))).))).))).......)))).((((......(((..................))).(((.(((....)))(((....)))(((....))))))......((((.......(((.(((.(((.(((.(((....(((....))).))).(((....))).))).(((....))).))).(((....))).))).((((((....)))(((....))).(((....)))))).))).))))...)))).)))).......,ACUAAAUGGUGAGCAGACCCAGUGGAAACACACGCAGCCGAAAGGUACCCAUCCGAGAGGAAGUCAGGCGAAAGCUAACGGAAAGAACGUAGACAGGGAGCGAGGGACAAAGACUGCAAGGGAAAGUACACAAGACAAAGUAAAAAAAGGUGAGGCAGGGGAAACCCCGGGAAACCGGUCGAAAGACGCCAGCAAACCGCAGAAACAGCCACCCAGCGAGACAGACAAAAGCGGAUACGUAGUCGACGGAAACGUAGUCAGGGGAAACCCACGCAAUCGAAAGAUAGGGAGUCGGUGAAAACCAGAGAAAUCUACUCAAAAGAGGACAGGCAGCGGAACCCCUACACCGAAAAAA
86,87,Cat's Toy 2,474564,....((((((((....((..(...................)..((...((....))...((....))........))......))))))))))....,0,0,....((((((((....((........................(((...((....))...((....))........))).....))))))))))....,AACGCUCUACGGCAACGGGAGGAAAAAAAACAAAAAAAAACACGCAAAGGGAAACCACCGGGAAACCUAAAACACGCGAAAAACCCCGUAGGGAAAA
87,88,Zigzag Semicircle,477402,....((((((((.(....)).).).)))))....,0,0,....(((((((..(....)..).).)))))....,AAAAUGAGCCCCACGAAAGGAGAGUGCUCACAAA
88,89,Short String 4,505782,......((.((..((..(...(.((.((....))))..)...(.((..((....))..))..)...).))..)))).....................,0,0,......((.((..((..(.....((.((....))))......(.((..((....))..))..)...).))..)))).....................,CAAGAAGCGCGGACUGACAGACACGAUCGAAAGACGGGGAAAGAGAGGGCGAAAGCAAUUGACAAAGAGGGACGGUAAAAAAAAAAAAAAAAAAGAA
89,90,Gladius,944766,(....)..(....(...(..(.(..(...(((.(((...((((....)))).(((((..(.(((..(.((((..(.((((..(.((((((((.((((((.(((((.((((.((((..((((...)))).))).)))))).))))).)))))).)))))))..).))))..).))))..).)))..).))))).)))...(((.(((((.(..(((.(..((((.(..((((.(..(((((((.((((((.(((((.((((((.(((.((((((....))))))..)))).)))).))))).)))))).)))))))).)..)))).)..)))).)..))).)..))))).((((....))))...))).)))...)..).)..)...)....)..(....),0,0,.......((....(...(..(.(..(...(((.(((...((((....)))).(((((....(((....((((....((((....((((((((.((((((.(((((.((((.((((..((((...)))).))).)))))).))))).)))))).)))))))....))))....))))....)))....))))).)))...(((.(((((....(((.(..((((.(..((((.(..(((((((.((((((.(((((.((((((.(((.((((((....))))))..)))).)))).))))).)))))).)))))))).)..)))).)..)))).)..)))....))))).((((....))))...))).)))...)..).)..)...)....)).......,CGAUAGGUCAAAACGAAGAGGGGAACGAAUUCAGGCAAACUCAAAAAUGAGAUCGUCGGGGACGAGCAACUAGAUGUUUGGGCAGAUUCUGGUGCUUCCAUGGCCAUGCGUCAGCGCGUCGGAACGACAGCUCGUGCGGCGCCGGUGAAGCCAUAGAAUCAGGAUAAGAAAAUAGUGAGGCGUAUUAGACGAAGCCAAACCCAAGCAUGCGAGGCGCGAUGUGAGGAGGUCGCGAUGCCGAGUCCCUCGUCCUCGCGGCCGGCGUUGCCGUUUGAAAAAACGGAAAACCAUGGUACCGAGAGUGAGGUGUUCGGCGAGAGGACCACGAUACGAGAGGCCAGAAAUGCUAGCCGGAAACGGCACAGGGAGAAGAAGGGCGCAGCGAAGGAAGGAACGAAAG
90,91,Thunderbolt,908660,((..(((((........(.((..((.(.....(....).((((((((.........((......((((.....))))......))...((..((.......(..(......)..)..((..((.....(....).((((.....(((.....(..((.(...).))..).....))).((((...(.......(..(.((...)).)..).......)...))))........)))).....((((((...)))))).))..))...........))..)).........(..((....)((((((.....(........).....))))))..)..)...))))))))........).))..)).).....(.......).)))))..)).,0,0,((..(((((........(.((..((.(.....(....).((((((((.........((......((((.....))))......))...((..((.......(..(......)..)..((..((............((((.....(((.....(..((.(...).))..).....))).((((...(.......(..(.((...)).)..).......)...))))........)))).....((((((...)))))).))..))...........))..)).........(..((.....((((((.....(........).....)))))).))..)...))))))))........).))..)).).....(.......).)))))..)).,GGGAGACCCAAAAAAAAGGGCAACUGCAAAAAGGAGACAGCACCCCGAAAAAAGACUGGAAAAAGGGCGAAAAGCUCGAAAAACACGACCAACGGAAAACAGGACGAAAGAGAACAAGCAAGCCAAAGGGAAACAGACUAAAAACGCGAAAGCGACUGCAAAGGGGGAGAAAAAGCGACCCUGAACGAAAAAGGGGCGAAAAAUUGGAACAAAAAAAGGAGGGGGGAAAGGAAAGUCAAAGACACUCGAAACGAGUGAGCGGGCAAAAAAAAAAACGGGGGAUGAAUAACGGACGGAAACGCGGCGGAAAGCGAAAAAAAGAAAAACGUCGUACGGACUACUGGGGUGCAAAAAAAAGGAGGGGCGCAAAAAGGAAAAAACAGGGUCCACUA
91,92,Mutated chicken feet,787674,.......((.((.((...)).((...))...)))).((.((.((...)).((...))...)))).((.((.((...)).((...))...)))).......,0,0,.......((.((...................)))).((.((...................)))).((.((.((...))(((...)))..)))).......,AAAAAACGUACCGAUAAAAUAAUAAAGUAAAGGACAGGAGGACCAAAGGACGAAACGAAACCCCAGGAGCAGGACACCAGCAAAGCUAAGCCCAUAAAAA
92,93,Chicken Tracks,965314,........(((((((((((....))))..((((....))))..((((....)))))))))))..(((((((...))))..((((...))))..((((...))))))).........,1,1,None,None
93,94,Looking Back Again,726696,(((..(((((((.....((((((...)))))).))))..((((((..(((...)))))).(((((...((((....))))....)))))..)))..)))..(((((((.....(((((....)))))......)))((((((((((...)))))(((((...)))))((((((((..(..(..(..(..(..((((....))))..).)..))..).))(((....)))..))))))...))))))))).(((((.((((......(((((((........((((.....))))))))...))).))))((((......((((((((....))))))..(((((...)).(((((...)))))..)))))....)))))))))...))),1,1,None,None
94,95,Multilooping 6,3526038,..(((((((((((((....)))))(((((....))))))))((((((((....)))))(((((....)))))))))))))..,1,1,None,None
95,96,Cesspool,911841,(..(..(....)..(((..(.(.(((...)))..)..)..)))..(..(....)..).(..(....)..).....(....)..)..)..(..(..(....)..(((..(.(.(((...)))..)..)..)))..(..(....)..).(..(....)..).....(....)..)..)..((..(..(....)..(((..(.(.(((...)))..)..)..)))..(..(....)..).(..(....)..).....(....)..)..))..((..(..(....)..(((..(.(.(((...)))..)..)..)))..(..(....)..).(..(....)..).....(....)..)..)),0,0,..(...........(((..(.(.(((...)))..)..)..)))..(..(....)..).(..(....)..).................................(((..(.(.(((...)))..)..)..)))..(..(....)..).(..(....)..)...................((..(..........(((..(.(.(((...)))..)..)..)))..(..(....)..).(..(....)..).............)..)).................(((..(.(.(((...)))..)..)..)))..(..(....)..).(..(....)..)..........).......,AAGGGAAGGAAUAAGGCGACACACGCAUAGCGGAGGAGAAGCCAAGGACGAAAGGACAGGAGGAAACGACAGAAAGGAGAUAACAGUAAAGACAAGGAAACAAACGGAGACAGCGAAACGCAGGGACGACGUGAGGGGGAAACAACAGGGCGAAAGAACAAAACGGAAACAUGGAUAAGCGACAACGGAAGAGGCGGACACAGUGAAACACAGGAGGGACGCAAGGGCGAAAGAACAGGAGGAAACGACGAAAAGGAAACAAGGAGCAAGCAACAAGGUAACAAAGGGACAGGAUGAAACAUGACGAGGACCUAACGACGAAAGGAGAGGGGGAAACAACAAAAAGGAAACAAGGAGC
96,97,Hoglafractal,1632102,..(.((..(((((....(((((......))))))))))((((...((((.....))))))))(((..(((....)))))).(((...((((...((((......))))))))(((..(((.....))))))((.((....)))).((((....(((..(((......))))))((.((.....))))(((....))).(((((.....((.((......))))(((.....)))((....)).((((((......(((......)))((.....))...(((((((...))))))).......))))))......))))).....))))....)))...))..)...(.((.((((....((....))((....))((((((...)))))).)))))).),0,0,....((..(((((....(((((......))))))))))((((...((((.....))))))))(((..(((....)))))).(((...((((...((((......))))))))(((..(((.....))))))((.((....)))).((((....(((..(((......))))))((.((.....))))(((....))).(((((.....((.((......))))(((.....)))((....)).((((((......(((......)))((.....))...(((((((...))))))).......))))))......))))).....))))....)))...))......(.((.((((....((....))((....))((((((...)))))).)))))).),CGGAGCAAAGGGCGAAACCCUCGAAAAAGAGGGGCCCUCAUGAUUCUCAGAAAAUGGGCAUGGUCAGCCAAAAAUGGGACAGCGAAAUGCCAAAGGCGGAAAAACGCCGGCAGGCGAUAGGAAAACUAGCCCUAGUGAAAACAGAGGCCAAAGGGAUCGUUGAAAAAAACUCCGGCACGAACAGUUCUCGAAAACGAACGGGCAAAAUGAUAGGAAAAACUUCCCAGAAAAUGGACGAAAGUACCAACCAAAAAUGCUGAAAAAAGCCCGAAGAGGUAAGCCGAAUAAAAUUCGGCAAAAAAAGGUUGGAAAAAAGCCCGAAAAAGGCCAAAACGCAAAGCAGUAAACGCGACCGCAAAAGGGAAACCCGGAAACGACUUCGAAACGAAGUAGCGGCGGG
97,98,Bullseye,965280,...(((((((...))))..((((...))))..((((...)))))))........(((((((...))))..((((...))))..((((...)))))))........(((((((...))))..((((...))))..((((...)))))))........(((((((...))))..((((...))))..((((...)))))))...,1,1,None,None
98,99,Shooting Star,913357,(((((((((((((((((...(.(..((.(((.(((.((....).))).)))).).)..))..))))))).(((((..(.(..((.(((.(((((.(((.((((.((....).)))).))))).))).)))).).)..))..)(....)..))))(((((((((...))))).(((((...)))))(.(....).).)))).)))).((((.((((...(((((((...))))))).(((((...)))))))))(((((((...))))))).(((((...)))))))))((((..(....)(..(..(..(.(.(((.((((.((....).)))).)))).)..)..).)..))))).)))))).,0,0,(((((((((((((((((...((....(.((((.((.((....)).)).)))).)....))..))))))).((((.........(.(((..((((.(((..(((.((....)).)))..))).))))..))).)........((....)).))))(((((((((...))))).(((((...)))))(.(....).).)))).)))).((((.((((...(((((((...))))))).(((((...)))))))))(((((((...))))))).(((((...)))))))))((((........(..(..(..(.(.(((..(((..........)))..))).)..)..).)..))))).)))))).,GCCCAGUCUGAAGUUACAAGGAGGGAAGUGCGGCGAUGGACACGACGACGCAGUAUAAUCAAGUAACUUAGCCUGGAACUGGAAGAAGACUCAGUCGUACCUACUGGAAACAAUAGUGACGCUUGACGCUUGUAUGAAUGACCGAAAGGGAGGCAGCGCGAUGAAACAUCGACUUUCAAAGAGAGGGGGAAACGCACGCUACAGAAACCGAGGGCAAAAGGACGCAGAGCGUCCUGGUCAUAAAAUGACGCCCAGCCUCGAAGCGAGGCUAGGUACAAAGUACCCGGUGCGCAUCGACAGGGACGAGGACACGGCCUACAAUGAGAAAUACUUGAUGGCGGAGGGACAGGACGCGCUCUGGGCA
99,100,Teslagon,6050904,......((.......((.((.......((.((...............)).........((...............)).)).......)).((.......((...............)).......)).((.......((.((...............)).........((...............)).)).......)).((.......((...............)).......)).((.......((.((...............)).........((...............)).)).......)).((.......((............((...............)).)).......)).)).......))......,0,0,......((.......((.((.......((.((...............)).........((...............)).)).......)).((.......((...............)).......)).((.......((.((...............)).........((...............)).)).......)).((.......((...............)).......)).((.......((.((...............)).........((...............)).)).......)).((.......((................................)).......)).)).......))......,CAAAAACUAAAAAUAGCAGCGAGAAAACCACCGAAGAAAGAAAAAAAGGAAGAAAAAAGGGAAAUAAAAAAAAAACCAGGGAAAAGAGCAGAGAAAAAAGCGACAAAAAAAAAAAAGCGAAGAAAUCAGGGGAAAGAGGAGGGAAAAAAAGAAAACACCGAAAAAAAAGCGAACAAAAAAAAAAAGCACCGAAAAAACCAGCAAAAAAACCGAAAGAAAAAAAAAAGGAACCAAAGCACCAAAAAAACCAGGGAAAAAGAAAAAAAACCAAAAAAAAAGCGAAAAAAAAAAAAAAGCAGGGAAAAAGGGAGGGAAAAAAGGAAACAAUAAAAGCCAGACAGAAAAAAGAAGGACCGAAAAAACCAGCGAAAGAGAGGAAAAA
